id,province,city,lat,lon
2,استان اردبیل,تازه‌کندانگوت,39.042881,47.754331
3,استان اردبیل,خلخال,37.624719,48.53135
4,استان اردبیل,کلور,37.388331,48.71865
5,استان اردبیل,جعفرآباد,39.479506,48.064117
6,استان اردبیل,گیوی,37.686836,48.337319
7,استان اردبیل,مشگین‌شهر,38.398111,47.677711
8,استان اردبیل,عنبران,38.48955,48.4337
9,استان اردبیل,کوراییم,37.952706,48.233942
10,استان اردبیل,گرمی,39.022022,48.094689
11,استان اردبیل,اردبیل,38.24848,48.30013
12,استان اردبیل,اصلاندوز,39.443139,47.405497
13,استان اردبیل,لاهرود,38.513319,47.8264
14,استان اردبیل,ابی‌بیگلو,38.283356,48.552917
15,استان اردبیل,هیر,38.079358,48.505597
16,استان اردبیل,هشجین,37.366581,48.318039
17,استان اردبیل,پارس‌آباد,39.650319,47.91355
18,استان اردبیل,سرعین,38.151875,48.071203
19,استان اردبیل,بیله سوار,39.381094,48.345625
20,استان اردبیل,رضی,38.629414,48.097964
21,استان اردبیل,نمین,38.426333,48.482625
22,استان اردبیل,نیر,38.03018,47.99274
23,استان اصفهان,علویچه,33.05745,51.088789
24,استان اصفهان,نوش‌آباد,34.08034,51.43565
25,استان اصفهان,بهارستان,32.48979,51.77608
26,استان اصفهان,اردستان,33.373131,52.368789
27,استان اصفهان,کهریزسنگ,32.624908,51.475389
28,استان اصفهان,خوراسگان,32.650831,51.7547
29,استان اصفهان,نصرآباد,35.418006,60.31615
30,استان اصفهان,تیران,32.70391,51.15253
31,استان اصفهان,خالدآباد,33.6981,51.9885
32,استان اصفهان,خمینی شهر,32.69158,51.55077
33,استان اصفهان,افوس,33.023236,50.092789
34,استان اصفهان,گلپایگان,33.464181,50.27545
35,استان اصفهان,باغ بهادران,32.37466,51.18615
36,استان اصفهان,شاهین شهر,32.86083,51.55031
37,استان اصفهان,بادرود,33.695361,51.997469
38,استان اصفهان,سده لنجان,32.37947,51.30654
39,استان اصفهان,دولت‌آباد,35.28264,59.51861
40,استان اصفهان,دولت‌آباد,32.80423,51.69494
41,استان اصفهان,خوانسار,33.2306,50.321108
42,استان اصفهان,نجف‌آباد,32.63311,51.3655
43,استان اصفهان,زیباشهر,32.381392,51.566992
44,استان اصفهان,فولادشهر,32.49126,51.40828
45,استان اصفهان,سمیرم,31.42148,51.57245
46,استان اصفهان,اصفهان,32.68056,51.65259
47,استان اصفهان,کلیشادوسودرجان,32.54225,51.53477
48,استان اصفهان,حنا,31.19997,51.7222
49,استان اصفهان,فریدون‌شهر,32.94075,50.124831
50,استان اصفهان,برزک,33.782542,51.2267
51,استان اصفهان,کرکوند,32.34271,51.44509
52,استان اصفهان,چادگان,32.77094,50.62477
53,استان اصفهان,خورزوق,32.77847,51.64773
54,استان اصفهان,جندق,34.04213,54.41431
55,استان اصفهان,سفیدشهر,34.1273,51.3499
56,استان اصفهان,گز,32.80911,51.61841
57,استان اصفهان,دولت‌آباد,35.0923,60.8774
58,استان اصفهان,مهاباد,33.524089,52.219286
59,استان اصفهان,خور,33.77547,55.08547
60,استان اصفهان,ابریشم,32.55626,51.57289
61,استان اصفهان,بویین و میاندشت,33.075739,50.163181
62,استان اصفهان,نایین,32.86261,53.08484
63,استان اصفهان,اژیه,32.43783,52.37885
64,استان اصفهان,نیاسر,33.971069,51.143511
65,استان اصفهان,سگزی,32.692572,52.122886
66,استان اصفهان,منظریه,31.944661,51.871589
67,استان اصفهان,داران,32.98419,50.41252
68,استان اصفهان,دهاقان,31.93489,51.65251
69,استان اصفهان,گلشهر,33.525136,50.488036
70,استان اصفهان,آران و بیدگل,34.07019,51.47848
71,استان اصفهان,دهق,33.1017,50.966289
72,استان اصفهان,هرند,32.56183,52.43571
73,استان اصفهان,ورنامخواست,32.35738,51.38769
74,استان اصفهان,قهدریجان,32.57717,51.45392
75,استان اصفهان,رضوانشهر,32.70422,51.10432
76,استان اصفهان,شهرضا,32.0121,51.85957
77,استان اصفهان,نطنز,33.505819,51.923169
78,استان اصفهان,کمه,31.065969,51.592731
79,استان اصفهان,نیک‌آباد,32.30741,52.20637
80,استان اصفهان,عسگران,32.867511,50.854839
81,استان اصفهان,انارک,33.31056,53.69829
82,استان اصفهان,وزوان,33.41595,51.177811
83,استان اصفهان,زرین شهر,32.38879,51.37345
84,استان اصفهان,رضوانشهر,37.550456,49.1431
85,استان اصفهان,دامنه,33.01955,50.491131
86,استان اصفهان,چرمهین,32.33452,51.19489
87,استان اصفهان,گلدشت,32.62338,51.43578
88,استان اصفهان,فلاورجان,32.55713,51.50595
89,استان اصفهان,مبارکه,32.34195,51.50488
90,استان اصفهان,بهاران شهر,32.512569,51.534039
91,استان اصفهان,زاینده رود,32.392214,51.268456
92,استان اصفهان,رزوه,32.837231,50.564139
93,استان اصفهان,نصرآباد,32.27937,52.0602
94,استان اصفهان,خور,27.6441,54.342
95,استان اصفهان,گوگد,33.477269,50.355839
96,استان اصفهان,برف انبار,32.987419,50.1901
97,استان اصفهان,تودشک,32.71983,52.66205
98,استان اصفهان,حبیب‌آباد,32.82765,51.77607
99,استان اصفهان,طالخونچه,32.268,51.56415
100,استان اصفهان,کوشک,32.6395,51.49985
101,استان اصفهان,کاشان,33.9637,51.447489
102,استان اصفهان,دیزیچه,32.38054,51.51171
103,استان اصفهان,پیربکران,32.46838,51.55878
104,استان اصفهان,جوشقان وکامو,33.608331,51.225
105,استان اصفهان,ونک,31.526072,51.325553
106,استان اصفهان,ابوزیدآباد,33.9019,51.76665
107,استان اصفهان,قمصر,33.753139,51.432581
108,استان اصفهان,مشکات,34.17745,51.261081
109,استان اصفهان,چمگردان,32.39291,51.3393
110,استان اصفهان,کمشچه,32.905464,51.809425
111,استان اصفهان,کوهپایه,32.71451,52.44083
112,استان اصفهان,دستگرد,32.80158,51.66248
113,استان اصفهان,ایمانشهر,32.474111,51.475897
114,استان اصفهان,درچه پیاز,32.61305,51.55308
115,استان اصفهان,مهاباد,36.76655,45.720039
116,استان اصفهان,زواره,33.452861,52.489381
117,استان اصفهان,ورزنه,32.4219,52.6496
118,استان ایلام,دهلران,32.693031,47.260431
119,استان ایلام,سرابله,33.767361,46.565661
120,استان ایلام,بدره,33.306878,47.036831
121,استان ایلام,دره شهر,33.140658,47.378903
122,استان ایلام,ایوان,33.827556,46.308067
123,استان ایلام,مورموری,32.725369,47.676231
124,استان ایلام,توحید,33.7255,47.0685
125,استان ایلام,میمه,33.4489,51.173311
126,استان ایلام,پهله,33.008831,46.883719
127,استان ایلام,آبدانان,32.990264,47.423764
128,استان ایلام,مهران,33.1195,46.165661
129,استان ایلام,آسمان‌آباد,33.861297,46.452986
130,استان ایلام,زرنه,33.927419,46.1823
131,استان ایلام,میمه,33.227594,46.916008
132,استان ایلام,لومار,33.565828,46.812681
133,استان ایلام,ایلام,33.64015,46.42869
134,استان ایلام,ارکواز,33.392269,46.6028
135,استان ایلام,موسیان,32.519444,47.377222
136,استان ایلام,چوار,33.695131,46.298053
137,استان آذربایجان شرقی,تبریز,38.07929,46.28859
138,استان بوشهر,بردخون,28.062231,51.477217
139,استان بوشهر,بوشهر,28.967944,50.836922
140,استان بوشهر,امام حسن,29.83948,50.26212
141,استان بوشهر,کلمه,28.943411,51.457289
142,استان بوشهر,طاهری,27.66705,52.346131
143,استان بوشهر,جم,27.827919,52.327689
144,استان بوشهر,شبانکاره,29.47184,50.99499
145,استان بوشهر,بندرگناوه,29.57791,50.51646
146,استان بوشهر,خورموج,28.65578,51.37626
147,استان بوشهر,بنک,27.870272,52.025369
148,استان بوشهر,برازجان,29.2685,51.21669
149,استان بوشهر,چغادک,28.986819,51.034011
150,استان بوشهر,وحدتیه,29.482511,51.243331
151,استان بوشهر,نخل تقی,27.494719,52.583933
152,استان بوشهر,آبدان,28.080194,51.768467
153,استان بوشهر,سعدآباد,29.389131,51.119861
154,استان بوشهر,دالکی,29.431061,51.28905
155,استان بوشهر,خارک,29.2547,50.3256
156,استان بوشهر,کاکی,28.34324,51.52696
157,استان بوشهر,ریز,28.046575,52.091647
158,استان بوشهر,اهرم,28.88279,51.27536
159,استان بوشهر,دلوار,28.762481,51.0712
160,استان بوشهر,عسلویه,27.475842,52.606972
161,استان بوشهر,تنگ ارم,29.155811,51.526411
162,استان تهران,ری,35.601611,51.441311
163,استان تهران,شهرجدیدهشتگرد,35.97998,50.73974
164,استان تهران,نظرآباد,35.95564,50.61471
165,استان تهران,ورامین,35.325675,51.647678
166,استان تهران,چهاردانگه,35.610019,51.307467
167,استان تهران,محمدشهر,35.7528,50.90389
168,استان تهران,شهریار,35.653589,51.061211
169,استان تهران,شاهدشهر,35.5734,51.0846
170,استان تهران,نسیم شهر,35.562781,51.160553
171,استان تهران,بومهن,35.7456,51.872842
172,استان تهران,فردوسیه,35.5966,51.064
173,استان تهران,ارجمند,35.815492,52.512822
174,استان تهران,طالقان,36.178708,50.765547
175,استان تهران,گلستان,35.520461,51.166264
176,استان تهران,شریف‌آباد,35.4263,51.7801
177,استان تهران,پردیس,35.7371,51.8173
178,استان تهران,اسلامشهر,35.550053,51.229808
179,استان تهران,صباشهر,35.577994,51.115603
180,استان تهران,وحیدیه,35.6066,51.0459
181,استان تهران,دماوند,35.728731,52.068586
182,استان تهران,صالح‌آباد,35.508408,51.190403
183,استان تهران,کمال شهر,35.863192,50.871322
184,استان تهران,تهران,35.75,51.375
185,استان تهران,فشم,35.929875,51.526633
186,استان تهران,آبعلی,35.760772,51.966183
187,استان تهران,کهریزک,35.515972,51.362211
188,استان تهران,حسن‌آباد,35.367253,51.234706
189,استان تهران,قدس,35.6955,51.1218
190,استان تهران,صالح‌آباد,35.691739,61.087625
191,استان تهران,چهارباغ,35.831839,50.853689
192,استان تهران,ملارد,35.69574,50.96407
193,استان تهران,باقرشهر,35.532836,51.404136
194,استان تهران,قرچک,35.439414,51.567122
195,استان تهران,رودهن,35.735064,51.907219
196,استان تهران,پیشوا,35.306758,51.721211
197,استان البرز,کرج,35.84272,50.97715
198,استان تهران,حسن‌آباد,32.14078,52.62449
199,استان تهران,نصیرآباد,35.494706,51.143864
200,استان تهران,اندیشه,35.691664,51.024997
201,استان تهران,کوهسار,35.952419,50.790789
202,استان تهران,کیلان,35.551078,52.166319
203,استان تهران,مشکین دشت,35.7518,50.9362
204,استان تهران,فیروزکوه,35.755942,52.773286
205,استان تهران,گرمدره,35.75,51.066661
206,استان تهران,پاکدشت,35.474961,51.675969
207,استان تهران,هشتگرد,35.963994,50.685664
208,استان تهران,اشتهارد,35.72497,50.37063
209,استان تهران,آبسرد,35.650661,52.013761
210,استان تهران,صفادشت,35.684489,50.824658
211,استان تهران,صالح‌آباد,34.92461,48.34329
212,استان تهران,صالح‌آباد,33.471639,46.186631
213,استان تهران,لواسان,35.819342,51.631906
214,استان تهران,ماهدشت,35.72793,50.80831
215,استان تهران,جوادآباد,35.210539,51.676064
216,استان تهران,باغستان,35.883331,50.966661
217,استان چهارمحال و بختیاری,طاقانک,32.21802,50.83509
218,استان چهارمحال و بختیاری,بروجن,31.97442,51.28507
219,استان چهارمحال و بختیاری,لردگان,31.512528,50.830358
220,استان چهارمحال و بختیاری,چلگرد,32.467339,50.1224
221,استان چهارمحال و بختیاری,باباحیدر,32.32929,50.46793
222,استان چهارمحال و بختیاری,سامان,32.45325,50.91017
223,استان چهارمحال و بختیاری,فارسان,32.26403,50.5636
224,استان چهارمحال و بختیاری,مال خلیفه,31.291,51.256681
225,استان چهارمحال و بختیاری,بلداجی,31.93656,51.0513
226,استان چهارمحال و بختیاری,کیان,32.28845,50.89631
227,استان چهارمحال و بختیاری,الونی,31.553411,51.062989
228,استان چهارمحال و بختیاری,سودجان,32.523461,50.395831
229,استان چهارمحال و بختیاری,نافچ,32.42433,50.78362
230,استان چهارمحال و بختیاری,هفشجان,32.22514,50.79634
231,استان چهارمحال و بختیاری,جونقان,32.15336,50.68484
232,استان چهارمحال و بختیاری,گندمان,31.86545,51.15241
233,استان چهارمحال و بختیاری,شهرکرد,32.32676,50.85901
234,استان چهارمحال و بختیاری,سورشجان,32.32303,50.67569
235,استان چهارمحال و بختیاری,شلمزار,32.04446,50.82058
236,استان چهارمحال و بختیاری,اردل,32.0,50.660153
237,استان چهارمحال و بختیاری,ناغان,31.938661,50.735697
238,استان چهارمحال و بختیاری,بن (شهرکرد),32.54569,50.74448
239,استان چهارمحال و بختیاری,سفیددشت,32.13062,51.18151
240,استان چهارمحال و بختیاری,فرخ شهر,32.276381,50.984719
241,استان چهارمحال و بختیاری,گهرو,32.002311,50.886419
242,استان خراسان جنوبی,اسفدن,33.651389,59.7816
243,استان خراسان جنوبی,سربیشه,32.577106,59.798539
244,استان خراسان جنوبی,فردوس,34.01993,58.17532
245,استان خراسان جنوبی,شوسف,31.804958,60.014025
246,استان خراسان جنوبی,آرین‌شهر,33.331839,59.236889
247,استان خراسان جنوبی,سرایان,33.861364,58.52485
248,استان خراسان جنوبی,ایسک,33.885842,58.381228
249,استان خراسان جنوبی,حاجی‌آباد,28.30721,55.89842
250,استان خراسان جنوبی,خوسف,32.771669,58.857311
251,استان خراسان جنوبی,زهان,33.418369,59.814381
252,استان خراسان جنوبی,نیمبلوک,33.910719,58.931069
253,استان خراسان جنوبی,مود,32.701919,59.522869
254,استان خراسان جنوبی,بیرجند,32.862759,59.216442
255,استان خراسان جنوبی,حاجی‌آباد,28.357769,54.419481
256,استان خراسان جنوبی,حاجی‌آباد,33.60659,59.98974
257,استان خراسان جنوبی,نهبندان,31.540533,60.037883
258,استان خراسان جنوبی,اسلامیه,34.04204,58.21881
259,استان خراسان جنوبی,اسدیه,32.916344,60.020764
260,استان خراسان جنوبی,بشرویه,33.86857,57.43041
261,استان خراسان جنوبی,سه قلعه,33.665861,58.396808
262,استان خراسان جنوبی,خضری دشت بیاض,34.022819,58.812711
263,استان خراسان جنوبی,قاین,33.73672,59.18291
264,استان خراسان رضوی,گناباد,34.36235,58.67979
265,استان خراسان رضوی,چکنه,36.817989,58.503633
266,استان خراسان رضوی,ششتمد,35.964411,57.768769
267,استان خراسان رضوی,چاپشلو,37.352089,59.073989
268,استان خراسان رضوی,سبزوار,36.208631,57.67505
269,استان خراسان رضوی,نشتیفان,34.430861,60.169789
270,استان خراسان رضوی,نوخندان,37.514506,58.981444
271,استان خراسان رضوی,تربت جام,35.242681,60.618369
272,استان خراسان رضوی,سرخس,36.535169,61.162011
273,استان خراسان رضوی,طرقبه,36.315161,59.376339
274,استان خراسان رضوی,فریمان,35.703781,59.846081
275,استان خراسان رضوی,باخرز,34.988711,60.318119
276,استان خراسان رضوی,قدمگاه,36.113117,59.039122
277,استان خراسان رضوی,قوچان,37.108239,58.50715
278,استان خراسان رضوی,خرو,36.143472,59.016525
279,استان خراسان رضوی,تربت حیدریه,35.273389,59.216589
280,استان خراسان رضوی,مشهدریزه,34.793628,60.503925
281,استان خراسان رضوی,فیض‌آباد,35.021181,58.779061
282,استان خراسان رضوی,بردسکن,35.258414,57.968292
283,استان خراسان رضوی,جنگل,34.703161,59.215331
284,استان خراسان رضوی,کلات,36.986981,59.798775
285,استان خراسان رضوی,بجستان,34.51664,58.18517
286,استان خراسان رضوی,فرهادگرد,35.7665,59.733111
287,استان خراسان رضوی,نیشابور,36.20535,58.80095
288,استان خراسان رضوی,باجگیران,37.614969,58.429789
289,استان خراسان رضوی,قاسم‌آباد,34.360231,59.8644
290,استان خراسان رضوی,نقاب,36.711119,57.4183
291,استان خراسان رضوی,کاشمر,35.235739,58.458381
292,استان خراسان رضوی,ملک‌آباد,35.999511,59.591039
293,استان خراسان رضوی,نیل شهر,35.136944,60.767586
294,استان خراسان رضوی,لطف‌آباد,37.518261,59.340211
295,استان خراسان رضوی,مشهد,36.28691,59.54392
296,استان خراسان رضوی,فیروزه,36.283611,58.586108
297,استان خراسان رضوی,ریوش,35.475075,58.458472
298,استان خراسان رضوی,خلیل‌آباد,35.250731,58.287908
299,استان خراسان رضوی,سفیدسنگ,35.643311,60.087181
300,استان خراسان رضوی,یونسی,34.803769,58.4423
301,استان خراسان رضوی,تایباد,34.739547,60.777731
302,استان خراسان رضوی,کاخک,34.14965,58.63891
303,استان خراسان رضوی,چناران,36.648069,59.125061
304,استان خراسان رضوی,درود,36.133331,59.116661
305,استان خراسان رضوی,رضویه,36.205958,59.769792
306,استان خراسان رضوی,مزداوند,36.155669,60.528425
307,استان خراسان رضوی,درگز,37.445831,59.111061
308,استان خراسان رضوی,شاندیز,36.39435,59.290161
309,استان خراسان رضوی,کندر,35.205142,58.151394
310,استان خراسان رضوی,قلندرآباد,35.599256,59.950897
311,استان خراسان رضوی,شهرزو,36.749167,59.937503
312,استان خراسان رضوی,روداب,36.018439,57.308144
313,استان خراسان رضوی,سنگان,34.401564,60.257806
314,استان خراسان رضوی,سلطان‌آباد,36.404783,58.038289
315,استان خراسان رضوی,داورزن,36.345389,56.8767
316,استان خراسان رضوی,کاریز,35.4942,60.1745
317,استان خراسان رضوی,خواف,34.570181,60.137631
318,استان خراسان رضوی,سلامی,34.748731,59.9723
319,استان خراسان رضوی,جغتای,36.630681,57.061689
320,استان خراسان رضوی,بیدخت,34.33957,58.75789
321,استان خراسان رضوی,رشتخوار,34.96996,59.62866
322,استان خراسان رضوی,کدکن,35.586214,58.877672
323,استان خراسان شمالی,شوقان,37.346992,56.894836
324,استان خراسان شمالی,لوجلی,37.604619,57.857825
325,استان خراسان شمالی,گرمه جاجرم,36.950008,56.379303
326,استان خراسان شمالی,قاضی,37.494836,56.74795
327,استان خراسان شمالی,حصارگرمخان,37.516019,57.485314
328,استان خراسان شمالی,اسفراین,37.071369,57.506356
329,استان خراسان شمالی,شیروان,37.393825,57.934303
330,استان خراسان شمالی,فاروج,37.230925,58.217906
331,استان خراسان شمالی,سنخواست,37.099619,56.849436
332,استان خراسان شمالی,بجنورد,37.47203,57.33173
333,استان خراسان شمالی,پیش قلعه,37.650442,57.001553
334,استان خراسان شمالی,درق,36.981575,56.218883
335,استان خراسان شمالی,راز,37.933725,57.111342
336,استان خراسان شمالی,آشخانه,37.561375,56.923003
337,استان خراسان شمالی,صفی‌آباد,32.265169,48.41805
338,استان خراسان شمالی,صفی‌آباد,36.695572,57.929797
339,استان خوزستان,آبادان,30.354228,48.272817
340,استان خوزستان,بندرامام خمینی,30.433172,49.077467
341,استان خوزستان,شوش,32.199639,48.24795
342,استان خوزستان,خرمشهر,30.440086,48.188544
343,استان زنجان,دندی,36.553731,47.623181
344,استان زنجان,حلب,36.296089,48.063269
345,استان زنجان,خرمدره,36.203,49.1887
346,استان زنجان,سجاس,36.235731,48.545919
347,استان زنجان,ماه نشان,36.7452,47.66947
348,استان زنجان,زنجان,36.670781,48.480939
349,استان زنجان,هیدج,36.253317,49.130025
350,استان زنجان,گرماب,35.848811,48.196811
351,استان زنجان,چورزق,37.000803,48.7747
352,استان زنجان,چورزق,36.99712,48.77759
353,استان زنجان,زرین‌آباد,36.4255,48.280475
354,استان زنجان,سلطانیه,36.434369,48.797419
355,استان زنجان,زرین رود,35.7579,48.4822
356,استان زنجان,آب‌بر,36.924006,48.962139
357,استان زنجان,قیدار,36.116331,48.591689
358,استان زنجان,ابهر,36.144731,49.219269
359,استان زنجان,صایین‌قلعه,36.302667,49.073464
360,استان سمنان,ایوانکی,35.345047,52.070261
361,استان سمنان,گرمسار,35.221592,52.340547
362,استان سمنان,سمنان,35.57502,53.390213
363,استان سمنان,امیریه,36.02685,54.140575
364,استان سمنان,سرخه,35.463958,53.213583
365,استان سمنان,بیارجمند,36.079344,55.810097
366,استان سمنان,مجن,36.479083,54.648236
367,استان سمنان,شاهرود,36.419839,54.9677
368,استان سمنان,بسطام,36.484936,55.000269
369,استان سمنان,دیباج,36.428036,54.232111
370,استان سمنان,شهمیرزاد,35.771439,53.328319
371,استان سمنان,دامغان,36.167108,54.340986
372,استان سمنان,میامی,36.411764,55.657958
373,استان سمنان,کلاته خیج,36.673672,55.296328
374,استان سمنان,آرادان,35.247919,52.492856
375,استان سمنان,مهدی شهر,35.715414,53.356572
376,استان سیستان و بلوچستان,زهک,30.894167,61.680833
377,استان سیستان و بلوچستان,محمدآباد,28.64805,59.02285
378,استان سیستان و بلوچستان,ایرانشهر,27.206414,60.688083
379,استان سیستان و بلوچستان,اسپکه,26.846994,60.171869
380,استان سیستان و بلوچستان,راسک,26.2368,61.398725
381,استان سیستان و بلوچستان,نصرت‌آباد,29.856422,59.978153
382,استان سیستان و بلوچستان,زاهدان,29.49996,60.86795
383,استان سیستان و بلوچستان,جالق,27.602275,62.705658
384,استان سیستان و بلوچستان,سرباز,26.637011,61.26095
385,استان سیستان و بلوچستان,نیک شهر,26.225128,60.217906
386,استان سیستان و بلوچستان,زابل,31.030825,61.495467
387,استان سیستان و بلوچستان,گلمورتی,27.482581,59.446811
388,استان سیستان و بلوچستان,کنارک,25.358872,60.398553
389,استان سیستان و بلوچستان,سراوان,27.366631,62.3387
390,استان سیستان و بلوچستان,محمدآباد,30.876117,61.453797
391,استان سیستان و بلوچستان,قصرقند,26.246839,60.751631
392,استان سیستان و بلوچستان,سوران,27.287711,62.000086
393,استان سیستان و بلوچستان,دوست محمد,31.143536,61.792969
394,استان سیستان و بلوچستان,سیرکان,26.829678,62.639694
395,استان سیستان و بلوچستان,محمدآباد,32.324319,52.110919
396,استان سیستان و بلوچستان,نوک‌آباد,28.5386,60.758161
397,استان سیستان و بلوچستان,میرجاوه,29.019394,61.451642
398,استان سیستان و بلوچستان,خاش,28.220881,61.211539
399,استان سیستان و بلوچستان,زابلی,27.13265,61.671714
400,استان سیستان و بلوچستان,نگور,25.388219,61.142011
401,استان سیستان و بلوچستان,بزمان,27.859428,60.176542
402,استان سیستان و بلوچستان,ادیمی,31.106389,61.416389
403,استان سیستان و بلوچستان,بنجار,31.042281,61.583056
404,استان سیستان و بلوچستان,بمپور,27.199903,60.477875
405,استان سیستان و بلوچستان,پیشین,26.085908,61.768314
406,استان سیستان و بلوچستان,بنت,26.305169,59.528231
407,استان سیستان و بلوچستان,فنوج,26.575211,59.642739
408,استان فارس,گراش,27.662231,54.136608
409,استان فارس,جهرم,28.49346,53.53302
410,استان فارس,جنت شهر,28.6538,54.6858
411,استان فارس,ایج,29.019428,54.246567
412,استان فارس,ایزدخواست,31.52023,52.12807
413,استان فارس,کنارتخته,29.529539,51.397889
414,استان فارس,مرودشت,29.872419,52.801419
415,استان فارس,داراب,28.750881,54.53745
416,استان فارس,فراشبند,28.86736,52.0851
417,استان فارس,جویم,28.249511,53.9841
418,استان فارس,فیروزآباد,28.86129,52.57725
419,استان فارس,کامفیروز,30.316419,52.199719
420,استان فارس,خنج,27.89413,53.44156
421,استان فارس,گله دار,27.6607,52.6587
422,استان فارس,بوانات,30.454139,53.650481
423,استان فارس,وراوی,27.465619,53.052461
424,استان فارس,بیرم,27.43255,53.51324
425,استان فارس,رونیز,29.191214,53.770503
426,استان فارس,دبیران,28.407281,54.183444
427,استان فارس,قادرآباد,30.27998,53.24776
428,استان فارس,فسا,28.93969,53.6466
429,استان فارس,مهر,27.554753,52.882892
430,استان فارس,سده,30.71152,52.17202
431,استان فارس,اوز,27.76265,53.997661
432,استان فارس,نودان,29.801761,51.694889
433,استان فارس,مشکان,29.476706,54.333017
434,استان فارس,سعادت شهر,30.07972,53.13757
435,استان فارس,خاوران,28.938056,53.315
436,استان فارس,آباده,31.16086,52.6506
437,استان فارس,ششده,28.94652,53.99753
438,استان فارس,کازرون,29.620811,51.654011
439,استان فارس,اشکنان,27.236489,53.597911
440,استان فارس,شهرپیر,28.311642,54.335275
441,استان فارس,قطب‌آباد,28.644839,53.642519
442,استان فارس,لپویی,29.799467,52.650747
443,استان فارس,لار,27.678769,54.338831
444,استان فارس,زرقان,29.776939,52.719997
445,استان فارس,سروستان,29.272161,53.221519
446,استان فارس,خشت,29.56044,51.33532
447,استان فارس,افزر,28.346061,52.971161
448,استان فارس,دهستان نوبندگان,28.853661,53.821519
449,استان فارس,سیدان,30.00755,53.00628
450,استان فارس,بنارویه,28.085047,54.048314
451,استان فارس,زاهدشهر,28.75285,53.79818
452,استان فارس,باب انار,28.97493,53.21764
453,استان فارس,فیروزآباد,33.898711,48.106511
454,استان فارس,لامرد,27.31711,53.22735
455,استان فارس,قیر,28.48701,53.03671
456,استان فارس,بیضا,29.973939,52.39995
457,استان فارس,میمند,28.8695,52.75243
458,استان فارس,استهبان,29.126281,54.039056
459,استان فارس,ارسنجان,29.912128,53.303681
460,استان فارس,شیراز,29.618961,52.532381
461,استان فارس,آباده طشک,29.808922,53.726856
462,استان فارس,نی ریز,29.201519,54.32475
463,استان فارس,اقلید,30.89869,52.69502
464,استان فارس,صفاشهر,30.6125,53.19715
465,استان فارس,مصیری,30.24541,51.52862
466,استان فارس,سورمق,31.03235,52.83903
467,استان فارس,اهل,27.209011,53.656989
468,استان فارس,قایمیه,29.850364,51.579389
469,استان فارس,داریان,29.562417,52.929108
470,استان فارس,کوار,29.196325,52.694294
471,استان فارس,بالاده,29.282281,51.93895
472,استان فارس,صغاد,31.19214,52.51991
473,استان فارس,خرامه,29.5,53.316661
474,استان فارس,بهمن,31.19203,52.48293
475,استان فارس,علامرودشت,27.620569,53.00685
476,استان قزوین,بیدستان,36.229817,50.123147
477,استان قزوین,بویین زهرا,35.76216,50.06043
478,استان قزوین,محمودآبادنمونه,36.285911,49.90875
479,استان قزوین,آبگرم,35.756181,49.287839
480,استان قزوین,خرمدشت,35.929167,49.5125
481,استان قزوین,رازمیان,36.538839,50.210719
482,استان قزوین,اسفرورین,35.93313,49.74684
483,استان قزوین,آبیک,36.046569,50.526581
484,استان قزوین,اقبالیه,36.235631,49.93215
485,استان قزوین,سیردان,36.646822,49.1886
486,استان قزوین,قزوین,36.310689,49.996239
487,استان قزوین,ارداق,36.053781,49.826708
488,استان قزوین,الوند,36.190219,50.083739
489,استان قزوین,سگزآباد,35.771978,49.930675
490,استان قزوین,دانسفهان,35.81339,49.74384
491,استان قزوین,معلم کلایه,36.451411,50.475911
492,استان قزوین,تاکستان,36.063981,49.695719
493,استان قزوین,اوج,35.57705,49.22078
494,استان قزوین,نرجه,35.991631,49.627861
495,استان قزوین,خاکعلی,36.131108,50.176028
496,استان قزوین,شال,35.90148,49.7718
497,استان قزوین,کوهین,36.376786,49.662569
498,استان قزوین,محمدیه,36.220792,50.183906
499,استان قم,جعفریه,34.7882,50.5854
500,استان قم,کهک,34.38911,50.86155
501,استان قم,قنوات,34.614167,51.028611
502,استان قم,دستجرد,34.552278,50.249336
503,استان قم,قم,34.64927,50.87789
504,استان کردستان,ارمرده,35.931036,45.796303
505,استان کردستان,دهگلان,35.283092,47.418578
506,استان کردستان,زرینه,36.059589,46.9167
507,استان کردستان,کانی سور,36.059706,45.74865
508,استان کردستان,قروه,35.167619,47.800061
509,استان کردستان,بانه,35.989411,45.890881
510,استان کردستان,مریوان,35.520019,46.176172
511,استان کردستان,سروآباد,35.318775,46.378294
512,استان کردستان,سنندج,35.31836,46.99674
513,استان کردستان,یاسوکند,36.28375,47.747789
514,استان کردستان,چناره,35.631739,46.3016
515,استان کردستان,دیواندره,35.916511,47.020942
516,استان کردستان,دزج,35.063686,47.966994
517,استان کردستان,بویین سفلی,35.93875,45.937511
518,استان کردستان,سریش‌آباد,35.24985,47.777953
519,استان کردستان,دلبران,35.244844,47.986169
520,استان کردستان,صاحب,36.200878,46.464219
521,استان کردستان,بیجار,35.87285,47.602369
522,استان کردستان,بابارشانی,35.677728,47.797264
523,استان کردستان,سقز,36.242581,46.266861
524,استان کردستان,موچش,35.055642,47.151344
525,استان کردستان,کامیاران,34.792436,46.933567
526,استان کردستان,شویشه,35.357331,46.678058
527,استان کرمان,سیرجان,29.44877,55.67952
528,استان کرمان,فهرج,28.9531,58.88457
529,استان کرمان,کشکوییه,30.53002,55.64976
530,استان کرمان,زرند,30.80778,56.56937
531,استان کرمان,گلباف,29.8802,57.7374
532,استان کرمان,ارزوییه,28.456161,56.358819
533,استان کرمان,مردهک,28.355667,58.160472
534,استان کرمان,زنگی‌آباد,30.41313,56.91268
535,استان کرمان,بافت,29.23258,56.59901
536,استان کرمان,کوهبنان,31.41302,56.28065
537,استان کرمان,دهج,30.69073,54.88167
538,استان کرمان,بردسیر,29.92975,56.56764
539,استان کرمان,عنبرآباد,28.475275,57.85
540,استان کرمان,پاریز,29.87501,55.74856
541,استان کرمان,بزنجان,29.250811,56.699231
542,استان کرمان,قلعه گنج,27.5251,57.8815
543,استان کرمان,راور,31.27068,56.80255
544,استان کرمان,چترود,30.6023,56.90709
545,استان کرمان,رابر,29.29025,56.91314
546,استان کرمان,یزدان شهر,30.865031,56.361289
547,استان کرمان,نجف شهر,29.386419,55.713661
548,استان کرمان,نگار,29.86175,56.8012
549,استان کرمان,اختیارآباد,30.328011,56.923339
550,استان کرمان,هجدک,30.759939,56.986519
551,استان کرمان,بهرمان,30.903608,55.730269
552,استان کرمان,رودبار,36.8231,49.425919
553,استان کرمان,محی‌آباد,30.073689,57.231331
554,استان کرمان,خانوک,30.71866,56.77858
555,استان کرمان,راین,29.598569,57.43645
556,استان کرمان,جوپار,30.060097,57.110739
557,استان کرمان,گلزار,29.7043,57.0383
558,استان کرمان,شهداد,30.413669,57.704069
559,استان کرمان,کهنوج,27.916667,57.716667
560,استان کرمان,جبالبارز,28.907306,57.885261
561,استان کرمان,بم,29.097875,58.349056
562,استان کرمان,رفسنجان,30.41035,56.00296
563,استان کرمان,جیرفت,28.669339,57.739381
564,استان کرمان,بروات,29.050119,58.402461
565,استان کرمان,منوجان,27.4095,57.4953
566,استان کرمان,شهربابک,30.12261,55.11895
567,استان کرمان,فاریاب,28.0652,57.270019
568,استان کرمان,اندوهجرد,30.233331,57.75
569,استان کرمان,نرماشیر,28.9543,58.694481
570,استان کرمان,باغین,30.19225,56.81462
571,استان کرمان,انار,30.86928,55.27341
572,استان کرمان,مس سرچشمه,29.993469,55.794411
573,استان کرمان,کرمان,30.28773,57.07878
574,استان کرمان,درب بهشت,29.2378,57.3328
575,استان کرمان,رودبار,28.0065,58.002497
576,استان کرمان,نودژ,27.542778,57.444719
577,استان کرمان,زیدآباد,29.600931,55.536789
578,استان کرمان,حسین‌آباد,30.841661,55.340639
579,استان کرمان,کیانشهر,31.2333,56.399997
580,استان کرمان,ماهان,30.050111,57.288919
581,استان کرمان,کاظم‌آباد,30.56722,56.84731
582,استان کرمان,نظام شهر,28.91695,58.547089
583,استان کهگیلویه و بویراحمد,سوق,30.860611,50.456669
584,استان کهگیلویه و بویراحمد,چرام,30.7509,50.7415
585,استان کهگیلویه و بویراحمد,لیکک,30.9005,50.1016
586,استان کهگیلویه و بویراحمد,مارگون,30.99237,51.08253
587,استان کهگیلویه و بویراحمد,سی سخت,30.86367,51.45621
588,استان کهگیلویه و بویراحمد,قلعه رییسی,31.189925,50.441292
589,استان کهگیلویه و بویراحمد,دیشموک,31.297211,50.403139
590,استان کهگیلویه و بویراحمد,یاسوج,30.67242,51.58146
591,استان کهگیلویه و بویراحمد,دهدشت,30.790289,50.558986
592,استان کهگیلویه و بویراحمد,دوگنبدان,30.356472,50.793875
593,استان کهگیلویه و بویراحمد,گراب سفلی,30.942606,50.896794
594,استان کهگیلویه و بویراحمد,باشت,30.36308,51.15658
595,استان کهگیلویه و بویراحمد,لنده,30.9791,50.424989
596,استان گلستان,دلند,37.030856,55.031344
597,استان گلستان,نوکنده,36.742361,53.906322
598,استان گلستان,نوده خاندوز,37.074881,55.262481
599,استان گلستان,سیمین شهر,37.011953,54.231756
600,استان گلستان,کلاله,37.37935,55.492919
601,استان گلستان,گمیش تپه,37.079875,54.076586
602,استان گلستان,گرگان,36.83556,54.43577
603,استان گلستان,فاضل‌آباد,36.899997,54.75
604,استان گلستان,رامیان,37.013361,55.144031
605,استان گلستان,مینودشت,37.229308,55.379747
606,استان گلستان,کردکوی,36.793319,54.108789
607,استان گلستان,گالیکش,37.270339,55.429739
608,استان گلستان,خان ببین,37.011981,54.985861
609,استان گلستان,نگین شهر,37.140436,55.166197
610,استان گلستان,انبارالوم,37.135914,54.6152
611,استان گلستان,علی‌آباد,36.905311,54.867561
612,استان گلستان,اینچه برون,37.455397,54.718025
613,استان گلستان,آزادشهر,37.08735,55.177789
614,استان گلستان,آق‌قلا,37.011781,54.454011
615,استان گلستان,سرخنکلاته,36.892414,54.568636
616,استان گیلان,رشت,37.27953,49.58542
617,استان گیلان,لاهیجان,37.20182,50.01157
618,استان لرستان,خرم‌آباد,36.781511,50.872339
619,استان لرستان,الیگودرز,33.404289,49.6914
620,استان لرستان,ازنا,33.45982,49.45495
621,استان لرستان,پلدختر,33.152661,47.713039
622,استان لرستان,بروجرد,33.89813,48.7499
623,استان لرستان,گراب,33.474058,47.236864
624,استان لرستان,خرم‌آباد,33.49864,48.35716
625,استان لرستان,نورآباد,34.073831,47.972211
626,استان لرستان,سراب دوره,33.562819,48.021381
627,استان لرستان,چغلوندی,33.647681,48.561689
628,استان لرستان,چالانچولان,33.663881,48.905381
629,استان لرستان,زاغه,33.5,48.70585
630,استان لرستان,اشترینان,34.01614,48.64128
631,استان لرستان,دورود,33.49283,49.06129
632,استان لرستان,کوهدشت,33.532936,47.607036
633,استان لرستان,نورآباد,30.11869,51.52526
634,استان لرستان,کونانی,33.401942,47.327181
635,استان لرستان,درب گنبد,33.689167,47.151667
636,استان لرستان,چقابل,33.281622,47.509311
637,استان لرستان,الشتر,33.86325,48.26171
638,استان لرستان,معمولان,33.378469,47.961467
639,استان لرستان,سپیددشت,33.22001,48.88144
640,استان لرستان,محمودوند,33.488961,48.030939
641,استان مازندران,ساری,36.55976,53.06496
642,استان هرمزگان,ابوموسی,25.875,55.0213
643,استان هرمزگان,هرمز,27.09578,56.45132
644,استان هرمزگان,میناب,27.1475,57.074369
645,استان هرمزگان,خمیر,26.950981,55.588389
646,استان هرمزگان,بندرعباس,27.18824,56.27648
647,استان هرمزگان,سیریک,26.517314,57.101108
648,استان هرمزگان,جناح,27.0163,54.283719
649,استان هرمزگان,کنگ,26.597319,54.938731
650,استان هرمزگان,فارغان,28.009211,56.253189
651,استان هرمزگان,گاوبندی,27.20851,53.03488
652,استان هرمزگان,درگهان,26.962719,56.064864
653,استان هرمزگان,زیارتعلی,27.740444,57.220561
654,استان هرمزگان,قشم,26.955711,56.266431
655,استان هرمزگان,رودان,27.445,57.18926
656,استان هرمزگان,بستک,27.198189,54.362831
657,استان هرمزگان,کیش,26.551133,53.998903
658,استان هرمزگان,سوزا,26.777558,56.063208
659,استان هرمزگان,فین,27.627422,55.902928
660,استان هرمزگان,دهبارز,27.4266,57.240161
661,استان همدان,برزول,34.213133,48.253975
662,استان همدان,شیرین سو,35.490614,48.448944
663,استان همدان,کبودراهنگ,35.20688,48.72269
664,استان همدان,سرکان,34.59946,48.44335
665,استان همدان,فرسفج,34.48835,48.289119
666,استان همدان,همدان,34.79874,48.51487
667,استان همدان,اسدآباد,34.78325,48.12514
668,استان همدان,دمق,35.44427,48.82249
669,استان همدان,بهار,34.9027,48.44247
670,استان همدان,ملایر,34.30119,48.81611
671,استان همدان,جوکار,34.432564,48.683461
672,استان همدان,سامن,34.20824,48.70595
673,استان همدان,فامنین,35.11658,48.97166
674,استان همدان,لالجین,34.97498,48.47827
675,استان همدان,زنگنه,34.152097,49.01095
676,استان همدان,گیان,34.175833,48.244167
677,استان همدان,ازندریان,34.50362,48.68852
678,استان همدان,فیروزان,34.360347,48.114264
679,استان همدان,رزن,35.38577,49.03315
680,استان همدان,مریانج,34.82757,48.45873
681,استان همدان,جورقان,34.887389,48.554861
682,استان همدان,تویسرکان,34.55322,48.44389
683,استان همدان,قهاوند,34.85894,49.00228
684,استان همدان,نهاوند,34.18926,48.37146
685,استان همدان,گل تپه,35.217511,48.207261
686,استان یزد,اردکان,32.31932,54.02621
687,استان یزد,طبس,33.59611,56.92808
688,استان یزد,عشق‌آباد,34.36873,56.92842
689,استان یزد,عشق‌آباد,36.0462,58.6866
690,استان یزد,حمیدیا,31.837597,54.378297
691,استان یزد,تفت,31.752186,54.217411
692,استان یزد,مروست,30.47624,54.20952
693,استان یزد,اشکذر,32.00315,54.20257
694,استان یزد,ابرکوه,31.12934,53.28317
695,استان یزد,ندوشن,32.025636,53.54855
696,استان یزد,اردکان,30.25,51.979931
697,استان یزد,میبد,32.23114,54.02239
698,استان یزد,دیهوک,33.294117,57.510869
699,استان یزد,شاهدیه,31.9498,54.2801
700,استان یزد,عقدا,32.440278,53.625556
701,استان یزد,مهریز,31.583631,54.445669
702,استان یزد,مهردشت,31.02301,53.35525
703,استان یزد,هرات,30.05854,54.36728
704,استان یزد,بافق,31.602869,55.39785
705,استان یزد,به‌آباد,31.87691,56.0204
706,استان یزد,زارچ,31.9903,54.231789
707,استان یزد,خضرآباد,31.865714,53.952414
708,استان یزد,احمدآباد,32.35411,53.99152
709,استان یزد,یزد,31.89582,54.36787
710,استان کرمانشاه,بیستون,34.385742,47.439
711,استان گیلان,پره سر,37.5828,49.086203
712,استان مرکزی,خمین,33.650739,50.0834
713,استان آذربایجان شرقی,بستان‌آباد,37.840858,46.831675
714,استان خوزستان,لالی,32.330369,49.0922
715,استان آذربایجان غربی,کشاورز,36.834511,46.353069
716,استان آذربایجان شرقی,مراغه,37.391986,46.238358
717,استان مرکزی,کمیجان,34.72088,49.32237
718,استان گیلان,بازارجمعه,37.407586,49.119158
719,استان آذربایجان غربی,نالوس,36.983717,45.145864
720,استان گیلان,منجیل,36.746261,49.397319
721,استان مرکزی,خنداب,34.391842,49.185067
722,استان مرکزی,شازند,33.92896,49.40695
723,استان مازندران,کله بست,36.639528,52.633175
724,استان آذربایجان شرقی,نظرکهریزی,37.35135,46.764044
725,استان خوزستان,بهبهان,30.596572,50.240372
726,استان آذربایجان شرقی,جلفا,38.938225,45.627069
727,استان مرکزی,آشتیان,34.5229,50.00401
728,استان آذربایجان شرقی,صوفیان,38.28204,45.98067
729,استان گیلان,املش,37.09569,50.18479
730,استان آذربایجان شرقی,بناب جدید,38.428031,45.907081
731,استان کرمانشاه,کرمانشاه,34.324487,47.073167
732,استان کرمانشاه,هرسین,34.276492,47.586111
733,استان آذربایجان شرقی,کلیبر,38.865647,47.042717
734,استان کرمانشاه,روانسر,34.716314,46.666583
735,استان خراسان رضوی,رباط سنگ,35.547239,59.196289
736,استان گیلان,شفت,37.164869,49.412061
737,استان مازندران,بهنمیر,36.665928,52.762131
738,استان مازندران,کیاسر,36.242364,53.539633
739,استان مرکزی,محلات,33.914881,50.45522
740,استان گیلان,رستم‌آباد,36.897761,49.5
741,استان گیلان,لوندویل,38.308381,48.869244
742,استان تهران,تجریش,35.799611,51.446
743,استان مرکزی,مهاجران,34.049789,49.430631
744,استان آذربایجان شرقی,ورزقان,38.50871,46.6465
745,استان آذربایجان شرقی,زرنق,38.09469,47.08291
746,استان خوزستان,دهدز,31.709642,50.289647
747,استان آذربایجان شرقی,هریس,38.25165,47.11544
748,استان کرمانشاه,سرپل ذهاب,34.464983,45.86395
749,استان هرمزگان,بندر لنگه,26.558339,54.878942
750,استان گلستان,بندر گز,36.78155,53.938256
751,استان آذربایجان شرقی,دوزدوزان,37.95,47.116661
752,استان گیلان,ماسال,37.363644,49.132892
753,استان مرکزی,پرندک,35.363633,50.679889
754,استان مازندران,امیرکلا,36.595528,52.657883
755,استان گلستان,گنبد کاووس,37.252431,55.167514
756,استان مازندران,زیراب,36.176061,52.9768
757,استان آذربایجان غربی,ایواوغلی,38.719911,45.216931
758,استان کرمانشاه,کوزران,34.493381,46.599244
759,استان مازندران,ایزدشهر,36.6,52.134167
760,استان خوزستان,زهره,30.469969,49.678531
761,استان کرمان,ریحان,30.747386,56.731689
762,استان آذربایجان شرقی,هادیشهر,38.840294,45.661681
763,استان مازندران,گلوگاه,36.307408,52.627669
764,استان گیلان,رحیم‌آباد,37.03151,50.3256
765,استان آذربایجان غربی,سیه چشمه,39.062414,44.380803
766,استان مازندران,قائم‌شهر,36.463781,52.857417
767,استان خوزستان,میانرود,32.227631,48.424783
768,استان مازندران,نکا,36.645569,53.302831
769,استان آذربایجان شرقی,ترکمانچای,37.581211,47.391353
770,استان گیلان,چابکسر,36.965739,50.565561
771,استان آذربایجان شرقی,سراب,37.939086,47.537258
772,استان آذربایجان شرقی,اقکند,37.257358,48.06495
773,استان آذربایجان غربی,ماکو,39.293947,44.452333
774,استان مازندران,نور,36.567775,52.015481
775,استان کرمانشاه,حمیل,33.936231,46.7736
776,استان آذربایجان شرقی,باسمنج,38.00083,46.47884
777,استان خوزستان,امیدیه,30.762219,49.707461
778,استان گیلان,کلاچای,37.08036,50.39598
779,استان آذربایجان غربی,سردشت,30.32635,50.217933
780,استان هرمزگان,بندر چارک,26.729261,54.278719
781,استان بوشهر,بندر کنگان,27.8323,52.065711
782,استان آذربایجان شرقی,آذرشهر,37.762231,45.977461
783,استان کرمانشاه,صحنه,34.4814,47.693281
784,استان گیلان,توتکابن,36.893172,49.525461
785,استان خوزستان,مینوشهر,30.3535,48.197
786,استان کرمانشاه,سطر,34.813069,47.461686
787,استان قزوین,ضیاءآباد,35.99332,49.44761
788,استان آذربایجان شرقی,خسروشهر,37.950672,46.051044
789,استان گیلان,سیاهکل,37.15472,49.87033
790,استان آذربایجان غربی,نقده,36.963392,45.389561
791,استان مازندران,فریدونکنار,36.683039,52.520731
792,استان مازندران,خوش رودپی,36.370203,52.565278
793,استان گلستان,بندر ترکمن,36.890725,54.073314
794,استان مازندران,تنکابن,36.815919,50.879889
795,استان آذربایجان شرقی,عجب شیر,37.476792,45.894078
796,استان خوزستان,باغملک,31.523136,49.885183
797,استان آذربایجان شرقی,شبستر,38.1778,45.7001
798,استان گیلان,ماسوله,37.156622,48.986122
799,استان مازندران,مرزیکلا,36.363756,52.732864
800,استان مرکزی,غرق‌آباد,35.11166,49.83262
801,استان خوزستان,ملاثانی,31.585464,48.883558
802,استان مازندران,چمستان,36.478589,52.110611
803,استان کرمانشاه,باینگان,34.983133,46.276703
804,استان خوزستان,ویس,31.4851,48.8746
805,استان خوزستان,قلعه خواجه,32.205919,49.444361
806,استان آذربایجان شرقی,خامنه,38.19512,45.63066
807,استان آذربایجان شرقی,شرفخانه,38.1793,45.486369
808,استان گیلان,بره سر,36.772397,49.750844
809,استان سیستان و بلوچستان,هیدوج,26.999361,62.121431
810,استان کرمانشاه,جوانرود,34.79265,46.494842
811,استان مازندران,کلارآباد,36.665253,51.244125
812,استان گیلان,لشت نشا,37.35891,49.86295
813,استان سیستان و بلوچستان,چابهار,25.293189,60.646319
814,استان خوزستان,اهواز,31.32109,48.6777
815,استان آذربایجان شرقی,بخشایش,38.13402,46.9496
816,استان خوزستان,مسجد سلیمان,31.944811,49.297908
817,استان خوزستان,مقاومت,30.4477,48.1687
818,استان مازندران,نشتارود,36.748514,51.035969
819,استان آذربایجان غربی,قوشچی,37.991383,45.040683
820,استان آذربایجان شرقی,ترک,37.615881,47.771475
821,استان خوزستان,دزاب,32.299722,48.427222
822,استان آذربایجان شرقی,سیه رود,38.869375,46.00175
823,استان گیلان,گوراب زرمیخ,37.302125,49.220772
824,استان خراسان رضوی,آن‌ابد,35.250731,57.808483
825,استان کرمانشاه,سرمست,34.024953,46.328903
826,استان مرکزی,نیمور,33.881811,50.5762
827,استان کرمانشاه,کرندغرب,34.279231,46.242561
828,استان مازندران,کیاکلا,36.575483,52.811169
829,استان مازندران,رامسر,36.9231,50.642939
830,استان گیلان,صومعه سرا,37.306619,49.311019
831,استان خوزستان,دزفول,32.37925,48.397661
832,استان آذربایجان شرقی,خواجه,38.15334,46.58176
833,استان کرمانشاه,کنگاور,34.501364,47.962867
834,استان گیلان,هشتپر,37.801408,48.903847
835,استان بوشهر,بندر دیلم,30.052769,50.155794
836,استان آذربایجان شرقی,لیلان,37.011336,46.205794
837,استان لرستان,مؤمن‌آباد,33.59745,49.521108
838,استان همدان,قروه در جزین,35.31305,49.1018
839,استان مرکزی,ساوه,35.03209,50.36053
840,استان فارس,کره‌ای,30.032789,53.717569
841,استان آذربایجان غربی,بوکان,36.5214,46.2176
842,استان مرکزی,زاویه,35.38416,50.56728
843,استان آذربایجان شرقی,شربیان,37.882425,47.101456
844,استان خوزستان,قلعه تل,31.631939,49.890281
845,استان مازندران,کوهی خیل,36.688003,52.908647
846,استان آذربایجان غربی,سرو,37.726944,44.642931
847,استان آذربایجان غربی,میرآباد,36.406511,45.370722
848,استان مازندران,گتاب,36.430319,52.656867
849,استان آذربایجان شرقی,مرند,38.43673,45.78896
850,استان خراسان رضوی,بایگ,35.377778,59.035153
851,استان آذربایجان شرقی,میانه,37.426567,47.710456
852,استان مرکزی,آستانه,33.885981,49.353411
853,استان خوزستان,شادگان,30.645261,48.659319
854,استان کرمانشاه,هلشی,34.110561,47.089883
855,استان آذربایجان غربی,اشنویه,37.040669,45.093572
856,استان تهران,رباط کریم,35.483892,51.084392
857,استان گیلان,شلمان,37.150875,50.206969
858,استان آذربایجان غربی,سردشت,36.158181,45.473864
859,استان خوزستان,آغاجاری,30.698119,49.830475
860,استان گیلان,آستانه اشرفیه,37.26567,49.94318
861,استان مرکزی,تفرش,34.69378,50.0155
862,استان خوزستان,شیبان,31.4053,48.7941
863,استان مرکزی,میلاجرد,34.623075,49.203772
864,استان خوزستان,حر,32.149436,48.390617
865,استان آذربایجان غربی,باروق,36.9551,46.324947
866,استان کرمانشاه,نودشه,35.182686,46.253222
867,استان گیلان,سنگر,37.177031,49.693922
868,استان خوزستان,حمیدیه,31.481069,48.432289
869,استان گیلان,لوشان,36.624869,49.514361
870,استان مازندران,جویبار,36.641672,52.906239
871,استان مازندران,فریم,36.1777,53.2644
872,استان مازندران,مرزن‌آباد,36.451756,51.274694
873,استان گیلان,بندرانزلی,37.473139,49.467561
874,استان خوزستان,رامشیر,30.895153,49.409728
875,استان مازندران,سورک,36.596161,53.210819
876,استان آذربایجان غربی,گردکشانه,36.807,45.2655
877,استان مرکزی,نوبران,35.130514,49.710269
878,استان خوزستان,رامهرمز,31.278864,49.605347
879,استان خوزستان,چمران,30.7054,49.1662
880,استان خوزستان,صیدون,31.366686,50.085147
881,استان آذربایجان غربی,سیمینه,36.7288,46.1828
882,استان مازندران,زرگر محله,36.522747,52.576022
883,استان گیلان,چوبر,37.092306,49.414664
884,استان گیلان,حویق,38.146897,48.893961
885,استان گیلان,کیاشهر,37.41876,49.94896
886,استان مرکزی,نراق,34.01037,50.84081
887,استان آذربایجان شرقی,خراجو,37.313372,46.529014
888,استان کرمانشاه,میان راهان,34.584844,47.434614
889,استان آذربایجان شرقی,اسکو,37.914683,46.121114
890,استان چهارمحال و بختیاری,فرادنبه,32.00806,51.21772
891,استان آذربایجان شرقی,قره‌آغاج,37.128897,46.975231
892,استان کرمانشاه,سومار,33.87875,45.640081
893,استان آذربایجان شرقی,ایلخچی,37.938533,45.979564
894,استان آذربایجان شرقی,کشکسرای,38.454831,45.5694
895,استان آذربایجان غربی,سلماس,38.197583,44.7671
896,استان مازندران,رستمکلا,36.680461,53.426903
897,استان آذربایجان شرقی,خمارلو,39.148289,47.034233
898,استان اصفهان,مجلسی,32.19892,51.50445
899,استان کرمانشاه,نوسود,35.173031,46.212269
900,استان مازندران,سلمان شهر,36.6947,51.1955
901,استان مازندران,پل سفید,36.111861,53.058714
902,استان آذربایجان شرقی,آبش احمد,39.041506,47.315861
903,استان آذربایجان شرقی,ملکان,37.143089,46.103628
904,استان بوشهر,بندر ریگ,29.483369,50.627889
905,استان آذربایجان شرقی,هوراند,38.860089,47.370039
906,استان مازندران,نوشهر,36.647314,51.506772
907,استان آذربایجان شرقی,کلوانق,38.103381,46.993719
908,استان کرمانشاه,گیلانغرب,34.142889,45.91525
909,استان مرکزی,دلیجان,33.990831,50.687681
910,استان مازندران,گزنک,35.902336,52.224578
911,استان خوزستان,اروندکنار,29.987578,48.515428
912,استان گیلان,فومن,37.227919,49.311061
913,استان مازندران,محمودآباد,36.631406,52.262897
914,استان آذربایجان غربی,میاندواب,36.966397,46.103406
915,استان آذربایجان غربی,پیرانشهر,36.704997,45.139061
916,استان گیلان,جیرنده,36.703367,49.795094
917,استان آذربایجان شرقی,کوزه کنان,38.184311,45.574681
918,استان گیلان,احمد سرگوراب,37.127461,49.364131
919,استان کرمانشاه,گهواره,34.344294,46.418522
920,استان آذربایجان غربی,تکاب,36.39975,47.10756
921,استان مازندران,امل,36.465811,52.350428
922,استان آذربایجان غربی,شاهین‌دژ,36.67917,46.56056
923,استان مرکزی,فرمهین,34.50675,49.68237
924,استان آذربایجان غربی,خوی,38.55375,44.948969
925,استان آذربایجان شرقی,سردرود,38.03083,46.14708
926,استان مازندران,بابلسر,36.698069,52.6545
927,استان آذربایجان شرقی,سیس,38.199731,45.812569
928,استان خوزستان,بندر ماهشهر,30.555333,49.189817
929,استان آذربایجان غربی,شوط,39.217747,44.771214
930,استان خوزستان,بستان,31.721868,47.98472
931,استان آذربایجان شرقی,وایقان,38.12858,45.71261
932,استان آذربایجان شرقی,اهر,38.48884,47.07026
933,استان مرکزی,اراک,34.09694,49.69097
934,استان مازندران,گلوگاه,36.726131,53.810631
935,استان آذربایجان غربی,بازرگان,39.387831,44.387989
936,استان گیلان,رانکوه,37.0424,50.233008
937,استان مرکزی,قورچی باشی,33.675644,49.876808
938,استان مازندران,خلیل شهر,36.689753,53.641472
939,استان کرمانشاه,ازگله,34.830214,45.843753
940,استان آذربایجان شرقی,زنوز,38.58866,45.83158
941,استان گیلان,رودسر,37.13138,50.29874
942,استان خوزستان,هفتگل,31.447089,49.531419
943,استان آذربایجان شرقی,مهربان,38.07763,47.12748
944,استان آذربایجان شرقی,تیکمه داش,37.723164,46.9415
945,استان مازندران,بابل,36.541942,52.681436
946,استان آذربایجان غربی,سیلوانه,37.421742,44.853894
947,استان خوزستان,گتوند,32.245239,48.812069
948,استان آذربایجان غربی,ربط,36.209167,45.551389
949,استان مازندران,عباس‌آباد,36.722931,51.107169
950,استان خوزستان,شوشتر,32.044386,48.854911
951,استان گیلان,واجارگاه,37.039697,50.403903
952,استان مازندران,بهشهر,36.693781,53.540931
953,استان آذربایجان غربی,پلدشت,39.348669,45.06995
954,استان خوزستان,هویزه,31.460819,48.07495
955,استان خوزستان,ایذه,31.836161,49.869981
956,استان آذربایجان غربی,فیرورق,38.5819,44.8312
957,استان مازندران,کتالم وسادات شهر,36.889189,50.6961
958,استان گیلان,اطاقور,37.109961,50.113339
959,استان گیلان,لنگرود,37.19603,50.1514
960,استان خوزستان,سالند,32.499981,48.8367
961,استان آذربایجان شرقی,تسوج,38.318106,45.357817
962,استان آذربایجان غربی,محمدیار,36.985575,45.515253
963,استان آذربایجان شرقی,شندآباد,38.142981,45.626411
964,استان مرکزی,هندودر,33.780089,49.23065
965,استان کرمانشاه,تازه‌آباد,34.764356,46.154589
966,استان گلستان,مراوه تپه,37.903994,55.948731
967,استان کرمانشاه,رباط,34.269939,46.807103
968,استان آذربایجان غربی,اواجیق,39.329933,44.153969
969,استان آذربایجان غربی,قره ضیاءالدین,38.889131,45.030689
970,استان مازندران,آلاشت,36.068025,52.834672
971,استان فارس,کارزین,28.412681,53.104411
972,استان خوزستان,هندیجان,30.236569,49.714419
973,استان آذربایجان شرقی,گوگان,37.779658,45.903994
974,استان بوشهر,ابپخش,29.360931,51.071911
975,استان هرمزگان,بندر جاسک,25.646939,57.7742
976,استان خوزستان,رفیع,31.5971,47.8923
977,استان خوزستان,سوسنگرد,31.557269,48.18585
978,استان مرکزی,داودآباد,34.293225,49.856969
979,استان کرمانشاه,اسلام‌آباد غرب,34.110989,46.528681
980,استان مرکزی,سنجان,34.05347,49.61924
981,استان مازندران,شیرگاه,36.289633,52.890781
982,استان مرکزی,مامونیه,35.30116,50.50735
983,استان گیلان,اسالم,37.736047,48.942297
984,استان گیلان,آستارا,38.434161,48.868144
985,استان مازندران,رینه,35.880647,52.168686
986,استان گیلان,کوچصفهان,37.27832,49.77273
987,استان آذربایجان غربی,ارومیه,37.55051,45.06546
988,استان مرکزی,توره,34.04055,49.283889
989,استان کرمانشاه,سنقر,34.781672,47.593961
990,استان آذربایجان شرقی,ممقان,37.845867,45.971661
991,استان خوزستان,جایزان,30.876239,49.848681
992,استان مازندران,رویان,36.5732,51.9665
993,استان تهران,پرند,35.46545,50.97578
994,استان آذربایجان شرقی,بناب,37.339494,46.056108
995,استان مازندران,کلاردشت,36.506961,51.159022
996,استان مازندران,چالوس,36.652661,51.420781
997,استان خوزستان,الوان,31.875472,48.339708
998,استان آذربایجان غربی,نوشین,37.762789,45.053797
999,استان آذربایجان شرقی,یامچی,38.523339,45.644781
1000,استان گیلان,مرجقل,37.280156,49.354794
1001,استان آذربایجان غربی,چهاربرج,37.126264,45.9793
1002,استان مرکزی,کرهرود,34.0562,49.6424
1003,استان مازندران,دابودشت,36.515292,52.481908
1004,استان کرمانشاه,پاوه,35.046619,46.362519
1005,استان خوزستان,حسینیه,32.6801,48.24835
1006,استان بوشهر,بندر دیر,27.84367,51.94626
1007,استان مازندران,بلده,36.202617,51.808997
1008,استان گیلان,خشکبیجار,37.37302,49.75766
1009,استان آذربایجان شرقی,خاروانا,38.687761,46.17005
1010,استان مرکزی,رازقان,35.33065,49.957969
1011,استان گیلان,رودبنه,37.254889,50.003272
1012,استان آذربایجان غربی,تازه شهر,38.174381,44.689358
1013,استان مازندران,محمودآباد,36.7803,46.439272
1014,استان خوزستان,اندیمشک,32.458089,48.35615
1015,استان آذربایجان شرقی,هشترود,37.475953,47.050036
1016,استان کرمانشاه,قصرشیرین,34.515931,45.582681
1017,استان گیلان,خمام,37.38877,49.65824
1018,استان گیلان,لیسار,37.95795,48.908242
1019,استان مازندران,سرخرود,36.669653,52.449053
1020,استان گیلان,دیلمان,36.888306,49.906411
1021,استان گیلان,کومله,37.152006,50.174514
